_id,Gene,Type,Study,TMB
100-009-002_875956_FzTB_3_FzTS_1_LCM_1-v1,KRAS,Missense Mutation,PASS01,48
100-009-002_875956_FzTB_3_FzTS_1_LCM_1-v1,TP53,Missense Mutation,PASS01,48
100-009-004_LCM6-v1,KRAS,Missense Mutation,PASS01,29
100-009-004_LCM6-v1,TP53,Missense Mutation,PASS01,29
100-009-005_LCM3-v1,CDKN2A,Splice Site,PASS01,42
100-009-005_LCM3-v1,KRAS,Missense Mutation,PASS01,42
100-009-005_LCM3-v1,TP53,Missense Mutation,PASS01,42
100-009-005_LCM3-v1,RNF43,Frame Shift Ins,PASS01,42
100-009-006_LCM3-v1,KRAS,Missense Mutation,PASS01,79
100-009-006_LCM3-v1,KMT2C,Frame Shift Del,PASS01,79
100-009-006_LCM3-v1,KMT2D,Frame Shift Del,PASS01,79
100-009-006_LCM3-v1,TP53,Nonsense Mutation,PASS01,79
100-009-008_LCM2-v1,KRAS,Missense Mutation,PASS01,42
100-009-008_LCM2-v1,TP53,Missense Mutation,PASS01,42
100-BCCA-003_LCM3-v1,KRAS,Missense Mutation,PASS01,94
100-BCCA-003_LCM3-v1,TP53,Frame Shift Del,PASS01,94
100-JHU-001_LCM4and6-v1,PALB2,Frame Shift Ins,PASS01,121
100-JHU-001_LCM4and6-v1,KRAS,Missense Mutation,PASS01,121
100-JHU-001_LCM4and6-v1,DDX3X,Missense Mutation,PASS01,121
100-JHU-003_LCM3-v1,KRAS,Missense Mutation,PASS01,60
100-JHU-003_LCM3-v1,TP53,Splice Site,PASS01,60
100-MSK-005_LCM3-v1,KRAS,Missense Mutation,PASS01,29
100-MSK-005_LCM3-v1,TP53,Missense Mutation,PASS01,29
100-MSK-009_LCM4-v1,KRAS,Missense Mutation,PASS01,35
100-MSK-009_LCM4-v1,TP53,Frame Shift Del,PASS01,35
100-MSK-009_LCM4-v1,EIF1AX,Missense Mutation,PASS01,35
100-MSK-012_LCM2-v1,KRAS,Missense Mutation,PASS01,71
100-MSK-012_LCM2-v1,TP53,Missense Mutation,PASS01,71
100-MSK-012_LCM2-v1,SMAD4,Missense Mutation,PASS01,71
100-MSK-013_LCM4-v1,KRAS,Missense Mutation,PASS01,48
100-MSK-013_LCM4-v1,SMAD4,Frame Shift Ins,PASS01,48
100-NH-001_LCM3_DNA-v1,KRAS,Missense Mutation,PASS01,51
100-NH-001_LCM3_DNA-v1,TP53,Missense Mutation,PASS01,51
100-NH-006_LCM3-v2,KRAS,Missense Mutation,PASS01,30
100-NH-006_LCM3-v2,TP53,Missense Mutation,PASS01,30
100-NH-008_LCM3-v1,KRAS,Missense Mutation,PASS01,28
100-NH-008_LCM3-v1,TP53,Frame Shift Ins,PASS01,28
100-NH-009_LCM4_6-v1,CDKN2A,Missense Mutation,PASS01,75
100-NH-009_LCM4_6-v1,KRAS,Missense Mutation,PASS01,75
100-NH-009_LCM4_6-v1,NF1,Frame Shift Del,PASS01,75
100-NH-009_LCM4_6-v1,TP53,Missense Mutation,PASS01,75
100-NH-009_LCM4_6-v1,SUZ12,Frame Shift Ins,PASS01,75
100-NH-010_LCM4-v1,KRAS,Missense Mutation,PASS01,21
100-NH-010_LCM4-v1,TP53,Missense Mutation,PASS01,21
100-NH-010_LCM4-v1,EPHA3,Nonsense Mutation,PASS01,21
100-NH-012_LCM3_4-v1,CDKN2A,Frame Shift Ins,PASS01,56
100-NH-012_LCM3_4-v1,KRAS,Missense Mutation,PASS01,56
100-NH-012_LCM3_4-v1,KMT2C,Frame Shift Ins,PASS01,56
100-NH-012_LCM3_4-v1,TP53,Frame Shift Ins,PASS01,56
100-NH-017_LCM4_6-v1,CDKN2A,Frame Shift Del,PASS01,41
100-NH-017_LCM4_6-v1,KRAS,Missense Mutation,PASS01,41
100-NH-017_LCM4_6-v1,TP53,Missense Mutation,PASS01,41
100-NH-018_LCM3_6-v1,KRAS,Missense Mutation,PASS01,28
100-NH-018_LCM3_6-v1,TP53,Missense Mutation,PASS01,28
100-NH-018_LCM3_6-v1,CIC,Splice Site,PASS01,28
100-NH-018_LCM3_6-v1,CIC,Frame Shift Ins,PASS01,28
100-PM-010_LCM2and5-v1,CDKN2A,Splice Site,PASS01,57
100-PM-010_LCM2and5-v1,KRAS,Missense Mutation,PASS01,57
100-PM-010_LCM2and5-v1,LATS1,Nonsense Mutation,PASS01,57
100-PM-010_LCM2and5-v1,STK11,Nonsense Mutation,PASS01,57
100-PM-011_LCM1-v2,ARID1A,Frame Shift Del,PASS01,48
100-PM-011_LCM1-v2,KRAS,Missense Mutation,PASS01,48
100-PM-011_LCM1-v2,TP53,Missense Mutation,PASS01,48
100-PM-013_LCM5-v1,KRAS,Missense Mutation,PASS01,79
100-PM-013_LCM5-v1,TERT,5'Flank,PASS01,79
100-PM-013_LCM5-v1,TP53,Missense Mutation,PASS01,79
100-PM-017_LCM5-v1,KRAS,Missense Mutation,PASS01,52
100-PM-017_LCM5-v1,TP53,Frame Shift Del,PASS01,52
100-PM-017_LCM5-v1,TP53,Missense Mutation,PASS01,52
100-PM-018_LCM4-v1,KRAS,Missense Mutation,PASS01,27
100-PM-018_LCM4-v1,TP53,Splice Region,PASS01,27
100-PM-018_LCM4-v1,SMAD4,Frame Shift Del,PASS01,27
100-PM-019_LCM3-v1,CDKN2A,Nonsense Mutation,PASS01,51
100-PM-019_LCM3-v1,KRAS,Missense Mutation,PASS01,51
100-PM-019_LCM3-v1,TP53,Missense Mutation,PASS01,51
100-PM-019_LCM3-v1,SMAD4,Missense Mutation,PASS01,51
100-PM-021_LCM4-v1,KRAS,Missense Mutation,PASS01,44
100-PM-021_LCM4-v1,TP53,Frame Shift Ins,PASS01,44
100-PM-022_LCM2-v2,KRAS,Missense Mutation,PASS01,44
100-PM-022_LCM2-v2,TP53,Missense Mutation,PASS01,44
100-PM-023_1_5-v2,ARID1A,Frame Shift Del,PASS01,45
100-PM-023_1_5-v2,KRAS,Missense Mutation,PASS01,45
100-PM-023_1_5-v2,TP53,In Frame Del,PASS01,45
100-PM-025_LCM6_DNA-v1,ERBB2,Missense Mutation,PASS01,38
100-PM-025_LCM6_DNA-v1,KRAS,Missense Mutation,PASS01,38
100-PM-025_LCM6_DNA-v1,TP53,Missense Mutation,PASS01,38
100-PM-025_LCM6_DNA-v1,MAP2K4,Splice Region,PASS01,38
100-PM-025_LCM6_DNA-v1,MAP2K4,Splice Site,PASS01,38
100-PM-026_LCM6_DNA-v1,CDKN2A,Missense Mutation,PASS01,41
100-PM-026_LCM6_DNA-v1,KRAS,Missense Mutation,PASS01,41
100-PM-026_LCM6_DNA-v1,TP53,Missense Mutation,PASS01,41
100-PM-026_LCM6_DNA-v1,KDM6A,Frame Shift Del,PASS01,41
100-PM-027_LCM1_DNA-v1,KRAS,Missense Mutation,PASS01,37
100-PM-027_LCM1_DNA-v1,TP53,Missense Mutation,PASS01,37
100-PM-029_LCM6-v1,CDKN2A,Nonsense Mutation,PASS01,47
100-PM-029_LCM6-v1,KRAS,Missense Mutation,PASS01,47
100-PM-029_LCM6-v1,KMT2C,Frame Shift Ins,PASS01,47
100-PM-029_LCM6-v1,MGA,Nonsense Mutation,PASS01,47
100-PM-029_LCM6-v1,TP53,Missense Mutation,PASS01,47
100-PM-031_LCM3-v1,CDKN2A,Frame Shift Ins,PASS01,89
100-PM-031_LCM3-v1,KRAS,Missense Mutation,PASS01,89
100-PM-031_LCM3-v1,TP53,Missense Mutation,PASS01,89
100-PM-033_LCM4-v1,BRCA2,Splice Site,PASS01,88
100-PM-033_LCM4-v1,KRAS,Missense Mutation,PASS01,88
100-PM-033_LCM4-v1,SDHC,Frame Shift Del,PASS01,88
100-PM-033_LCM4-v1,KMT2C,Frame Shift Del,PASS01,88
100-PM-033_LCM4-v1,BCOR,Nonsense Mutation,PASS01,88
100-PM-033_LCM4-v1,BCORL1,Frame Shift Del,PASS01,88
100-PM-035_LCM6-v1,KRAS,Missense Mutation,PASS01,35
100-PM-035_LCM6-v1,RB1,Frame Shift Del,PASS01,35
100-PM-035_LCM6-v1,TP53,Missense Mutation,PASS01,35
100-PM-036_LCM3-v1,KRAS,Missense Mutation,PASS01,45
100-PM-036_LCM3-v1,TP53,Nonsense Mutation,PASS01,45
100-PM-037_LCM3-v1,CDKN2A,Nonsense Mutation,PASS01,61
100-PM-037_LCM3-v1,KRAS,Missense Mutation,PASS01,61
100-PM-037_LCM3-v1,TP53,In Frame Ins,PASS01,61
100-PM-037_LCM3-v1,TP53,Missense Mutation,PASS01,61
100-PM-037_LCM3-v1,SMAD4,Frame Shift Ins,PASS01,61
100-PM-039_LCM4-v1,CDKN2A,Frame Shift Del,PASS01,56
100-PM-039_LCM4-v1,KRAS,Missense Mutation,PASS01,56
100-PM-039_LCM4-v1,TP53,Missense Mutation,PASS01,56
100-PM-039_LCM4-v1,TP53,Nonsense Mutation,PASS01,56
100-PM-040_LCM3_6-v1,CDKN2A,Frame Shift Del,PASS01,23
100-PM-040_LCM3_6-v1,KRAS,Missense Mutation,PASS01,23
100-PM-040_LCM3_6-v1,TP53,Missense Mutation,PASS01,23
100-PM-040_LCM3_6-v1,SMAD4,Nonsense Mutation,PASS01,23
100-PM-041_LCM4-v1,KRAS,Missense Mutation,PASS01,38
100-PM-041_LCM4-v1,TP53,Frame Shift Del,PASS01,38
100-PM-042_LCM1-v1,CDKN2A,Frame Shift Del,PASS01,37
100-PM-042_LCM1-v1,KRAS,Missense Mutation,PASS01,37
100-PM-042_LCM1-v1,TP53,Missense Mutation,PASS01,37
100-PM-043_LCM4-v1,KRAS,Missense Mutation,PASS01,70
100-PM-043_LCM4-v1,SF3B1,Missense Mutation,PASS01,70
100-PM-043_LCM4-v1,TP53,Missense Mutation,PASS01,70
100-PM-046_LCM4-v1,ARID1A,Frame Shift Ins,PASS01,40
100-PM-046_LCM4-v1,KRAS,Missense Mutation,PASS01,40
100-PM-046_LCM4-v1,TP53,Missense Mutation,PASS01,40
100-PM-047_LCM1_4-v1,KRAS,Missense Mutation,PASS01,33
100-PM-047_LCM1_4-v1,TP53,Frame Shift Ins,PASS01,33
100-PM-048_LCM4-v1,KRAS,Missense Mutation,PASS01,43
100-PM-048_LCM4-v1,TP53,Missense Mutation,PASS01,43
100-PM-049_LCM3-v1,CDKN2A,Translation Start Site,PASS01,59
100-PM-049_LCM3-v1,KRAS,Missense Mutation,PASS01,59
100-PM-049_LCM3-v1,TP53,Missense Mutation,PASS01,59
100-PM-049_LCM3-v1,AXIN2,Frame Shift Del,PASS01,59
100-PM-049_LCM3-v1,KDM6A,Nonsense Mutation,PASS01,59
100_JHU_004_LCM3_6-v1,KRAS,Missense Mutation,PASS01,49
100_JHU_004_LCM3_6-v1,TP53,Nonsense Mutation,PASS01,49
100_PM_024_LCM3_4-v1,BRAF,In Frame Del,PASS01,42
100_PM_024_LCM3_4-v1,KMT2C,Nonsense Mutation,PASS01,42
100_PM_024_LCM3_4-v1,TP53,Missense Mutation,PASS01,42
100_PM_024_LCM3_4-v1,SMAD4,Missense Mutation,PASS01,42
CYP-002_LCM-v1,NOTCH1,Frame Shift Ins,CYPRESS,169
CYP-002_LCM-v1,EZH2,Splice Region,CYPRESS,169
CYP-002_LCM-v1,EZH2,Splice Site,CYPRESS,169
CYP-002_LCM-v1,TP53,Frame Shift Del,CYPRESS,169
CYP-004_LCM-v1,PTPN11,Missense Mutation,CYPRESS,86
CYP-004_LCM-v1,TP53,Missense Mutation,CYPRESS,86
CYP-004_LCM-v1,CDKN1B,Frame Shift Ins,CYPRESS,86
CYP-004_LCM-v1,BCOR,Nonsense Mutation,CYPRESS,86
HPB-119_LCM-v1,KRAS,Missense Mutation,HPB,62
HPB-119_LCM-v1,ERBB3,Missense Mutation,HPB,62
HPB-119_LCM-v1,AKT1,Missense Mutation,HPB,62
HPB-119_LCM-v1,ANKRD11,Frame Shift Del,HPB,62
HPB-170_LCM3-v1,KRAS,Missense Mutation,PANXWGTS,38
HPB-170_LCM3-v1,TP53,Frame Shift Del,PANXWGTS,38
HPB-198_LCM2-v1,PIK3CA,Missense Mutation,PANXWGTS,66
HPB-198_LCM2-v1,CDKN2A,Frame Shift Del,PANXWGTS,66
HPB-198_LCM2-v1,CDKN2A,Frame Shift Del,PANXWGTS,66
HPB-198_LCM2-v1,KRAS,Missense Mutation,PANXWGTS,66
HPB-198_LCM2-v1,TP53,Missense Mutation,PANXWGTS,66
HPB-208_LCM-v1,BRAF,Missense Mutation,HPB,77
HPB-212_LCM1_3-v1,KRAS,Missense Mutation,PANXWGTS,79
HPB-212_LCM1_3-v1,TERT,5'Flank,PANXWGTS,79
HPB-212_LCM1_3-v1,APC,Frame Shift Del,PANXWGTS,79
HPB-212_LCM1_3-v1,APC,Nonsense Mutation,PANXWGTS,79
HPB-212_LCM1_3-v1,SOX9,Frame Shift Del,PANXWGTS,79
HPB-235_LCM1_2-v1,KRAS,Missense Mutation,HPB,32
LBR-0008_LCM-v1,KRAS,Missense Mutation,LBR,34
LBR-0008_LCM-v1,TP53,Nonsense Mutation,LBR,34
LBR-0012_LCM-v1,PBRM1,Frame Shift Ins,LBR,45
LBR-0012_LCM-v1,KMT2D,Splice Site,LBR,45
LBR-0012_LCM-v1,TP53,Missense Mutation,LBR,45
LBR-0012_LCM-v1-db2,KMT2D,Splice Site,LBR,47
LBR-0012_LCM-v1-db2,PBRM1,Frame Shift Ins,LBR,47
LBR-0012_LCM-v1-db2,TP53,Missense Mutation,LBR,47
LBR-0015_LCM-v1,IDH1,Missense Mutation,LBR,23
LBR-0015_LCM-v1,BAP1,Nonsense Mutation,LBR,23
VEN-004-TUM-v1,PIK3CA,Missense Mutation,VENUS,142
VEN-004-TUM-v1,PIK3CA,Missense Mutation,VENUS,142
VEN-004-TUM-v1,TERT,5'Flank,VENUS,142
VEN-131_Tumor-v1,TERT,5'Flank,VENUS,79
VEN-131_Tumor-v1,TERT,5'Flank,VENUS,79
VEN-131_Tumor-v1,MUTYH,Nonsense Mutation,VENUS,79
VEN-131_Tumor-v1,ELF3,Splice Region,VENUS,79
VEN-131_Tumor-v1,FOXL2,Missense Mutation,VENUS,79
VEN-131_Tumor-v1,FBXW7,Frame Shift Del,VENUS,79
VEN-246-TUM-v1,PIK3CA,Missense Mutation,VENUS,47
VEN-246-TUM-v1,TERT,5'Flank,VENUS,47
VEN-246-TUM-v1,TERT,5'Flank,VENUS,47
VEN-246-TUM-v1,RRAS2,Missense Mutation,VENUS,47
VEN-246-TUM-v1,H3F3A,Missense Mutation,VENUS,47
VEN-329_ARCH_A-v1,PIK3CA,Missense Mutation,VENUS,20
VEN-329_ARCH_B-v1,PIK3CA,Missense Mutation,VENUS,21
VEN-355-TUM-v1,PIK3CA,Missense Mutation,VENUS,137
VEN-355-TUM-v1,NFKBIA,Frame Shift Del,VENUS,137
VEN-426-TUM-v1,SMARCA4,Splice Site,VENUS,11
